kid	name
4018	바바리안 2호
4020	황소마인
4046	항아리 마인
4138	13번째 매장자
4155	램프의 마인
4166	마그넷 1호
4167	마그넷 2호
4200	마인 테라
4396	TM－1 런처 스파이더
4428	인조인간 7호
4560	바바리안 1호
4561	타이혼 #2
4729	슬롯머신 AM－7
4806	7 카드
4863	도적의 7가지 도구
4917	UFO 터틀
4951	DNA 개조 수술
4981	도깨비 탱크 T－34
5019	마도신사－J
5035	X·E·N·O
5113	몬스터 BOX
5139	죽음의 4성 무당벌레
5239	해피 레이디·SB
5271	죽음의 메시지 "I"
5272	죽음의 메시지 "N"
5273	죽음의 메시지 "A"
5274	죽음의 메시지 "L"
5302	마인 다크 벌터
5324	7가지 무기를 가진 헌터
5403	체력 증강제 슈퍼 Z
5421	8쌍 다리 스콜피온
5502	F·G·D
5504	X－헤드 캐논
5508	대목인18
5552	Y－드래곤 헤드
5553	XY－드래곤 캐논
5555	Z－메탈 캐터필러
5556	XYZ－드래곤 캐논
5617	8식대 마법다중결계
5625	XZ－캐터필러 캐논
5626	YZ－캐터필러 드래곤
5666	절대복종 마인
5876	화염목인18
5893	수륙양용 버그로스 MK－3
5896	암흑 대요새호
5897	포환 창조개
5919	DNA 이식 수술
5932	D.D.어세일런트
5944	데인저러스 머신 TYPE－6
5962	KA－2 데스 시저스
6053	7
6054	레벨 제한 B구역
6093	대목탄18
6097	얼티미트 인섹트 LV1
6098	호루스의 흑염룡 LV4
6099	호루스의 흑염룡 LV6
6100	호루스의 흑염룡 LV8
6101	암흑의 미믹 LV1
6102	암흑의 미믹 LV3
6103	미스틱 스워드맨 LV2
6104	미스틱 스워드맨 LV4
6105	암드 드래곤 LV3
6106	암드 드래곤 LV5
6107	암드 드래곤 LV7
6111	첩자 마스터 SASUKE
6119	마인드 온 에어
6127	마스터 오브 OZ
6147	마인드 크러시
6158	트릭키 매직4
6162	사일런트 스워드맨 LV3
6164	사일런트 스워드맨 LV5
6166	사일런트 스워드맨 LV7
6167	사일런트 매지션 LV4
6170	사일런트 매지션 LV8
6172	인조목인18
6178	얼티미트 인섹트 LV3
6179	미스틱 스워드맨 LV6
6186	해피 레이디1
6187	해피 레이디2
6188	해피 레이디3
6202	함정 처리반 A팀
6208	트라이앵글 X 스파크
6221	마인드 핵
6238	얼티미트 인섹트 LV5
6265	용마인 킹드라군
6283	D.D.다이너마이트
6319	얼티미트 인섹트 LV7
6327	마인 골렘
6339	전지맨－AA
6406	날개 크리보 LV10
6420	G·코잣키
6428	전지맨－C
6430	D·D·M
6437	시엔의 간첩
6471	V－타이거 제트
6475	W－윙 캐터펄트
6476	염옥마인 헬 버너
6483	VW－타이거 캐터펄트
6484	VWXYZ－드래곤 캐터펄트 캐논
6492	본딩－H2O
6523	레벨 제한 A구역
6540	암드 드래곤 LV10
6572	마그넷 서클 LV2
6623	성공확률 0%
6671	H－히트 하트
6672	E－이멀전시 콜
6673	R－라이트 저스티스
6674	O－오버소울
6678	D－타임
6680	D－실드
6684	빅토리 바이퍼 XX03
6703	전지맨－D
6746	진입금지! No Entry!!
6761	D－체인
6762	D－스피릿
6856	사이버 오우거 2
6870	얼루어 퀸 LV3
6871	얼루어 퀸 LV5
6872	얼루어 퀸 LV7
6876	다크 루시어스 LV4
6877	다크 루시어스 LV6
6878	다크 루시어스 LV8
6898	침식세포 "A"
6952	D－카운터
6980	D.D. 크로우
6994	"A" 세포 산포 폭탄
7004	마천루2－히어로 시티
7035	엔젤 07
7096	데스티니 히어로 블루－D
7099	엔젤 01
7128	"A" 세포 증식 장치
7129	이계공간－A 존
7162	NEX
7251	The big SATURN
7315	"A" 세포 배양 장치
7326	디스트럭트 서클－A
7344	아르카나 포스 EX－빛의 통치자
7347	The splendid VENUS
7383	히어로즈 룰 2
7438	블루 썬더 T45
7519	D·D·R
7526	날개 크리보 LV9
7536	X－세이버 액셀
7537	X－세이버 에어벨룬
7538	X－세이버 얼즈
7540	A·O·J 클라우솔라스
7541	A·O·J 갈라드홀그
7542	A·O·J 루드라
7551	X－세이버 울벨룸
7552	A·O·J 카타스톨
7581	아르카나 포스 0－더 풀
7590	아르카나 포스 EX－어둠의 통치자
7607	혹성에서 온 물체A
7615	드라군 D－엔드
7621	D－포메이션
7639	D－포춘
7678	거대전함 빅코어 MK－Ⅱ
7790	수신기왕 바르바로스<ruby>Ur<rt>우르</rt></ruby>
7821	X－세이버 아나페레라
7822	X－세이버 가라해드
7823	X－세이버 파로무로
7824	X－세이버 파시울
7825	A·폭탄
7826	A·O·J 사우전드 암즈
7827	A·O·J 언논 크러셔
7835	X－세이버 웨인
7836	A·O·J 라이트 게이저
7840	A·O·J 싸이크론 크리에이터
7874	<ruby>D<rt>디포머</rt></ruby>·모바폰
7875	<ruby>D<rt>디포머</rt></ruby>·마그넨U
7876	<ruby>D<rt>디포머</rt></ruby>·토치
7877	<ruby>D<rt>디포머</rt></ruby>·라디카셋
7878	<ruby>D<rt>디포머</rt></ruby>·카메란
7879	<ruby>D<rt>디포머</rt></ruby>·라디온
7880	<ruby>D<rt>디포머</rt></ruby>·클락큰
7885	<ruby>C<rt>체인</rt></ruby>·리페어러
7886	<ruby>C<rt>체인</rt></ruby>·스네이크
7887	<ruby>C<rt>체인</rt></ruby>·슈터
7888	<ruby>C<rt>체인</rt></ruby>·코일
7899	<ruby>C<rt>체인</rt></ruby>·드래곤
7906	<ruby>D<rt>디포머</rt></ruby>·스피드 유닛
7907	<ruby>D<rt>디포머</rt></ruby>·코드
7908	<ruby>D<rt>디포머</rt></ruby>·파워 유닛
7923	리바이벌 기프트
7927	<ruby>D<rt>디포머</rt></ruby>·게이저
7933	DNA 정기검진
7960	A·마인드
7961	A·O·J 블라인드 서커
7962	A·O·J 리서처
7963	A·O·J 에너미 캐처
7964	A·O·J 썬더 아머
7965	A·O·J 코즈믹 클로저
7973	A·O·J 필드 마샬
7998	서몬 리액터 AI
8000	트랩 리액터 RR
8002	매직 리액터 AID
8011	<ruby>BF<rt>블랙 페더</rt></ruby>－질풍의 게일
8012	<ruby>BF<rt>블랙 페더</rt></ruby>－흑창의 블래스트
8013	<ruby>BF<rt>블랙 페더</rt></ruby>－새벽의 시로코
8015	<ruby>D<rt>디포머</rt></ruby>·보든
8016	<ruby>D<rt>디포머</rt></ruby>·팟틴
8036	<ruby>BF<rt>블랙 페더</rt></ruby>－아머드 윙
8044	<ruby>D<rt>디포머</rt></ruby>·레트로 엔진
8045	<ruby>D<rt>디포머</rt></ruby>·필드
8048	Re－BUSTER
8067	<ruby>D<rt>디포머</rt></ruby>·베리어
8068	브랜<ruby>D<rt>디포머</rt></ruby>
8081	RAI－JIN
8082	RAI－MEI
8111	A·O·J 리버스 브레이크
8112	A·O·J 언리미터
8129	엘리멘틀 히어로 앱솔루트 Zero
8146	고대유적 코드A
8162	<ruby>BF<rt>블랙 페더</rt></ruby>－극북의 블리자드
8163	<ruby>BF<rt>블랙 페더</rt></ruby>－푸른 화염의 슈라
8164	<ruby>BF<rt>블랙 페더</rt></ruby>－달그림자의 카르트
8165	<ruby>BF<rt>블랙 페더</rt></ruby>－칠흑의 엘펜
8166	<ruby>D<rt>디포머</rt></ruby>·리모콘
8167	<ruby>D<rt>디포머</rt></ruby>·비디온
8168	<ruby>D<rt>디포머</rt></ruby>·스코픈
8171	지박신 <ruby>Aslla<rt>아스라</rt></ruby> <ruby>piscu<rt>피스크</rt></ruby>
8172	지박신 <ruby>Ccapac<rt>코카파크</rt></ruby> <ruby>Apu<rt>아프</rt></ruby>
8191	G·B·헌터
8193	<ruby>BF<rt>블랙 페더</rt></ruby>－암즈 윙
8198	트러스트 마인드
8204	정크 BOX
8205	더블 툴 D&C
8206	<ruby>D<rt>디포머</rt></ruby>·리페어유니트
8224	<ruby>D<rt>디포머</rt></ruby>·바인드
8295	<ruby>BF<rt>블랙 페더</rt></ruby>－은의 방패 미스트랄
8296	<ruby>BF<rt>블랙 페더</rt></ruby>－대패의 바유
8297	<ruby>BF<rt>블랙 페더</rt></ruby>－쇠사슬의 푄
8298	<ruby>D<rt>디포머</rt></ruby>·마그넨<ruby>I<rt>아이</rt></ruby>
8307	지박신 <ruby>Cusillu<rt>쿠시르</rt></ruby>
8308	지박신 <ruby>Chacu<rt>챠크</rt></ruby> <ruby>Challhua<rt>챠루아</rt></ruby>
8315	흑빛의 G
8325	마인필드
8326	<ruby>XX<rt>더블 엑스</rt></ruby>－세이버 폴트롤
8327	<ruby>XX<rt>더블 엑스</rt></ruby>－세이버 레이지그라
8334	<ruby>XX<rt>더블 엑스</rt></ruby>－세이버 가톰즈
8407	A·O·J 리설 웨폰
8408	A·O·J D.D. 체커
8409	A·O·J 사이클리더
8417	A·O·J 디사이시브 암즈
8459	지박신 <ruby>Ccarayhua<rt>코카라이아</rt></ruby>
8460	지박신 <ruby>Uru<rt>우르</rt></ruby>
8461	지박신 <ruby>Wiraqocha<rt>위라코챠</rt></ruby> <ruby>Rasca<rt>라스카</rt></ruby>
8472	의식마인 릴리서
8473	의식마인 프리자이더
8476	<ruby>BF<rt>블랙 페더</rt></ruby>－고고한 실버 윈드
8521	<ruby>XX<rt>더블 엑스</rt></ruby>－세이버 가르드스트라이크
8522	<ruby>XX<rt>더블 엑스</rt></ruby>－세이버 풀헴나이트
8546	A·제넥스 둘다크
8549	A·제넥스 리모트
8550	A·제넥스 파워콜
8551	A·제넥스 체인저
8552	A·제넥스 볼캐논
8553	A·제넥스 솔리드
8574	A·제넥스 트라이암
8592	엘리멘틀 히어로 <ruby>Great<rt>그레이트</rt></ruby> <ruby>TORNADO<rt>토네이도</rt></ruby>
8637	<ruby>XX<rt>더블 엑스</rt></ruby>－세이버 가르셈
8648	의식마인 커스인챈터
8649	의식마인 프레코그스타
8655	<ruby>XX<rt>더블 엑스</rt></ruby>－세이버 휸레이
8685	기계왕－B.C.3000
8708	A·제넥스 케미스트리
8709	A·제넥스 버드맨
8710	A·제넥스 벨플레임
8711	A·제넥스 크러셔
8712	A·제넥스 리바이버
8729	A·제넥스 트라이포스
8733	The tyrant NEPTUNE
8734	The 애트머스피어
8753	<ruby>XX<rt>더블 엑스</rt></ruby>－세이버 에머즈블레이드
8759	의식마인 디저즈
8763	A·제넥스 액셀
8777	<ruby>BF<rt>블랙 페더</rt></ruby>－열풍의 기브리
8778	<ruby>BF<rt>블랙 페더</rt></ruby>－역풍의 거스트
8779	<ruby>BF<rt>블랙 페더</rt></ruby>－미풍의 브리즈
8793	<ruby>D<rt>디포머</rt></ruby>·크리넌
8810	전지맨－AAA
8813	A·O·J 코어 디스트로이
8822	ZERO－MAX
8839	<ruby>BF<rt>블랙 페더</rt></ruby>－백 플래시
8840	<ruby>BF<rt>블랙 페더</rt></ruby>－앵커
8850	<ruby>D<rt>디포머</rt></ruby>·스크램블
8864	<ruby>Sin<rt>신</rt></ruby> 푸른 눈의 백룡
8865	<ruby>Sin<rt>신</rt></ruby> 스타더스트 드래곤
8867	<ruby>Sin<rt>신</rt></ruby> 패러독스 드래곤
8892	<ruby>Sin<rt>신</rt></ruby> 붉은 눈의 흑룡
8936	AD 체인저
8945	마인 몰
9030	<ruby>XX<rt>더블 엑스</rt></ruby>－세이버 보가트 나이트
9031	<ruby>XX<rt>더블 엑스</rt></ruby>－세이버 다크 소울
9041	<ruby>Sin<rt>신</rt></ruby> 사이버 엔드 드래곤
9042	<ruby>Sin<rt>신</rt></ruby> 트루스 드래곤
9043	<ruby>Sin<rt>신</rt></ruby> 패러렐 기어
9044	<ruby>Sin<rt>신</rt></ruby> 레인보우 드래곤
9092	<ruby>BF<rt>블랙 페더</rt></ruby>－두 칼의 에테지아
9093	<ruby>BF<rt>블랙 페더</rt></ruby>－극광의 오로라
9094	<ruby>BF<rt>블랙 페더</rt></ruby>－격진의 아브로오로스
9096	자동기계병 236 "이삼육"
9097	자동기계상인 177 "일칠칠"
9098	자동기계참모 248 "이사팔"
9099	자동기계첩자 339 "삼삼구"
9100	자동기계무사 6318 "육삼십팔"
9120	자동기계장군 00 "무령"
9140	D2 실드
9145	<ruby>BF<rt>블랙 페더</rt></ruby>－마인
9178	이비리추어 마인드오우거스
9205	D.D. 디스트로이어
9232	<ruby>Sin<rt>신</rt></ruby> 월드
9233	<ruby>Sin<rt>신</rt></ruby> 클로 스트림
9242	<ruby>BF<rt>블랙 페더</rt></ruby>－여명의 코치
9243	<ruby>BF<rt>블랙 페더</rt></ruby>－창천의 제트
9244	<ruby>BF<rt>블랙 페더</rt></ruby>－정예의 제피로스
9274	The despair URANUS
9281	스크랩 마인드리더
9285	자동기계통 96 "신크로"
9298	<ruby>BF<rt>블랙 페더</rt></ruby>－첨예의 보라
9299	<ruby>BF<rt>블랙 페더</rt></ruby>－순풍의 아리제
9300	<ruby>BF<rt>블랙 페더</rt></ruby>－아지랑이의 컴
9318	자동기계수위 313 "삼일삼"
9319	자동기계첩자 919 "구일구"
9324	사운드 워리어 베이시스
9325	사운드 워리어 드럼스
9326	사운드 워리어 피아노
9332	진 여섯 무사－<ruby>Shi En<rt>시 엔</rt></ruby>
9430	The tripping MERCURY
9444	X－세이버 소우저
9447	Z－ONE
9452	자동기계무쌍 818 "팔일팔"
9455	증식의 G
9459	<ruby>BF<rt>블랙 페더</rt></ruby>－상현의 피나카
9460	<ruby>BF<rt>블랙 페더</rt></ruby>－잔야의 크리스
9461	<ruby>BF<rt>블랙 페더</rt></ruby>－백야의 글래디우스
9463	<ruby>BF T<rt>블랙 페더 테이머</rt></ruby>－칠흑의 호크 죠
9464	<ruby>BF<rt>블랙 페더</rt></ruby>－황성의 그램
9467	The grand JUPITER
9470	The blazing MARS
9479	<ruby>BF<rt>블랙 페더</rt></ruby>－탱구바람 히렌
9480	<ruby>BF<rt>블랙 페더</rt></ruby>－방랑자 코가라시
9481	<ruby>D<rt>디포머</rt></ruby>·라이튼
9482	<ruby>D<rt>디포머</rt></ruby>·스태플랜
9487	<ruby>TG<rt>테크지너스</rt></ruby> 사이버 매지션
9488	<ruby>TG<rt>테크지너스</rt></ruby> 스트라이커
9489	<ruby>TG<rt>테크지너스</rt></ruby> 제트 팔콘
9490	<ruby>TG<rt>테크지너스</rt></ruby> 중강갑 드래곤
9491	<ruby>TG<rt>테크지너스</rt></ruby> 워울프
9492	<ruby>TG<rt>테크지너스</rt></ruby> 러시 라이노
9501	자동기계아가씨 224 "이이사"
9502	자동기계첩자 7749 "칠칠사십구"
9510	<ruby>TG<rt>테크지너스</rt></ruby> 레시프로 드래곤 플라이
9511	<ruby>TG<rt>테크지너스</rt></ruby> 원더 매지션
9512	<ruby>TG<rt>테크지너스</rt></ruby> 파워 글래디에이터
9513	<ruby>TG<rt>테크지너스</rt></ruby> 브레이드 건맨
9514	<ruby>TG<rt>테크지너스</rt></ruby> 할 버드 캐논
9524	TGX1－HL
9525	TGX300
9539	TGX3－DX2
9540	TG－SX1
9541	TG1－EM1
9551	W성운운석
9554	<ruby>TG<rt>테크지너스</rt></ruby> 하이퍼 라이브러리언
9561	The suppression PLUTO
9562	The supremacy SUN
9575	No.39 유토피아
9626	버그맨 X
9627	버그맨 Y
9628	버그맨 Z
9650	지옥의 괴뢰마인
9656	No.17 레비아단 드래곤
9658	No.34 전산기야수 테라바이트
9683	데미지 백신 Ω MAX
9686	Oh F!sh!
9745	텔레폰 D.D.
9757	No.83 갤럭시 퀸
9759	No.10 일루미 나이트
9760	No.20 기가 브릴리언트
9853	No.61 볼카사우루스
9854	No.19 프리자돈
9857	No.56 골드래트
9858	No.30 파멸의 애시드 골렘
9860	No.16 쇼크 마스터
9861	No.11 빅 아이
9867	D－보이즈
9870	발조기뢰 태엽마인
9874	<ruby>M.X<rt>미싱 엑스</rt></ruby>－세이버 인보커
9879	<ruby>ZW<rt>제알 웨폰</rt></ruby>－유니콘 킹 스피어
9903	첩자 마스터 HANZO
9914	<ruby>CNo.<rt>카오스 넘버즈</rt></ruby>39 유토피아 레이
9916	No.12 기갑첩자 크림즌 섀도우
9917	No.96 블랙 미스트
9964	No.7 럭키 스트레이트
9997	창성신 sophia
10004	세이크리드 트레미스M7
10029	카드카·<ruby>D<rt>디</rt></ruby>
10065	No.32 샤크 드레이크
10068	No.25 포스 포커스
10072	용<ruby>마인<rt>魔人</rt></ruby> 퀸 드라군
10125	현<ruby>마인<rt>魔人</rt></ruby> 딩가딩가 리듬
10126	큰북<ruby>마인<rt>魔人</rt></ruby> 템템템포
10127	관<ruby>마인<rt>魔人</rt></ruby> 멜로멜로멜로디
10128	교향<ruby>마인<rt>魔人</rt></ruby> 마에스트로크
10129	No.50 블랙십 오브 콘
10130	No.15 기믹 퍼핏－자이언트 킬러
10133	<ruby>ZW<rt>제알 웨폰</rt></ruby>－피닉스 보우
10135	<ruby>H·C<rt>히로익 챌린저</rt></ruby> 스파르타스
10136	<ruby>H·C<rt>히로익 챌린저</rt></ruby> 워 해머
10137	<ruby>H·C<rt>히로익 챌린저</rt></ruby> 스워드 실드
10138	<ruby>H·C<rt>히로익 챌린저</rt></ruby> 더블 랜스
10157	기아기아노 MK－Ⅱ
10171	<ruby>H－C<rt>히로익 챔피언</rt></ruby> 엑스칼리버
10173	No.33 오파츠 마추 마크
10176	기아기간토 <ruby>X<rt>크로스</rt></ruby>
10212	No.6 오파츠 아틀란타르
10216	No.40 기믹 퍼핏－헤븐즈 스트링스
10230	<ruby>H·C<rt>히로익 챌린저</rt></ruby> 엑스트라 스워드
10231	<ruby>H·C<rt>히로익 챌린저</rt></ruby> 야습의 칸델라르
10261	<ruby>CNo.<rt>카오스 넘버즈</rt></ruby>32 샤크 드레이크 바이스
10264	<ruby>H－C<rt>히로익 챔피언</rt></ruby> 간디바
10265	<ruby>H－C<rt>히로익 챔피언</rt></ruby> 쿠사나기
10266	No.9 천개성 다이슨 스피어
10267	No.8 문장왕 게놈 헤리터
10303	<ruby>BF<rt>블랙 페더</rt></ruby>－극야의 다마스카스
10304	<ruby>OTo<rt>오토</rt></ruby> 썬더
10305	<ruby>OKa<rt>오카</rt></ruby> 썬더
10306	<ruby>ONe<rt>오네</rt></ruby> 썬더
10307	No.91 썬더 스파크 드래곤
10323	No.69 갓 메달리온 코트 오브 암즈
10324	No.88 기믹 퍼핏－데스티니 레오
10331	No.22 프랑켄
10364	<ruby>ZW<rt>제알 웨폰</rt></ruby>－라이트닝 블레이드
10365	<ruby>ZW<rt>제알 웨폰</rt></ruby>－토네이도 브링거
10366	<ruby>ZW<rt>제알 웨폰</rt></ruby>－얼티미트 실드
10379	오비탈 7
10404	No.92 위해신룡 Heart－eartH Dragon
10405	No.53 위해신 Heart－eartH
10406	<ruby>ZW<rt>제알 웨폰</rt></ruby>－라이오 암즈
10457	No.106 거암장 자이언트 핸드
10480	No.42 스타쉽 갤럭시 토마호크
10497	<ruby>BK<rt>버닝나쿠라</rt></ruby> 헤드기어
10498	<ruby>BK<rt>버닝나쿠라</rt></ruby> 글라스조
10499	<ruby>BK<rt>버닝나쿠라</rt></ruby> 스파
10500	<ruby>BK<rt>버닝나쿠라</rt></ruby> 스위치히터
10501	<ruby>BK<rt>버닝나쿠라</rt></ruby> 카운터블로
10525	No.107 갤럭시아이즈 타키온 드래곤
10528	<ruby>CX<rt>카오스 엑시즈</rt></ruby> 다크 페어리 치어 걸
10531	<ruby>BK<rt>버닝나쿠라</rt></ruby> 구속만병 리드블로
10532	No.105 <ruby>BK<rt>버닝나쿠라</rt></ruby> 유성의 세스터스
10533	<ruby>CNo.<rt>카오스 넘버즈</rt></ruby>105 <ruby>BK<rt>버닝나쿠라</rt></ruby> 혜성의 카에스투스
10541	<ruby>RUM<rt>랭크 업 매직</rt></ruby>－바리언즈 포스
10562	No.47 나이트메어 샤크
10569	<ruby>CNo.<rt>카오스 넘버즈</rt></ruby>39 유토피아 레이 <ruby>V<rt>브이</rt></ruby>
10570	<ruby>RUM<rt>랭크 업 매직</rt></ruby>－리미티드 바리언즈 포스
10571	<ruby>ZW<rt>제알 웨폰</rt></ruby>－이글 클로
10604	<ruby>DZW<rt>다크 제알 웨폰</rt></ruby>－키메라 크로스
10605	<ruby>V<rt>브이</rt></ruby>샐러맨더
10609	<ruby>SD<rt>슈퍼 디펜스</rt></ruby> 로보 라이오
10610	<ruby>SD<rt>슈퍼 디펜스</rt></ruby> 로보 엘레판
10611	<ruby>SD<rt>슈퍼 디펜스</rt></ruby> 로보 몽키
10642	비상의 G
10651	<ruby>CNo.<rt>카오스 넘버즈</rt></ruby>39 유토피아 레이 빅토리
10656	No.102 홀리 라이트닝 글로리어스 헤일로
10657	No.66 패건갑충 마스터 키 비틀
10658	No.104 마스커레이드 매지션 샤이닝
10659	<ruby>CNo.<rt>카오스 넘버즈</rt></ruby>104 마스커레이드 매지션 엄브럴
10662	<ruby>RUM<rt>랭크 업 매직</rt></ruby>－누메론 포스
10676	Vain－배신의 조소
10684	<ruby>CNo.<rt>카오스 넘버즈</rt></ruby>106 용암장 자이언트 핸드 레드
10696	<ruby>H·C<rt>히로익 챌린저</rt></ruby> 앰버시 솔저
10697	<ruby>H·C<rt>히로익 챌린저</rt></ruby> 클래스프 나이프
10701	No.54 반골의 투사 라이언하트
10702	No.44 백천마 스카이 페가수스
10703	No.49 비조 포츈츈
10704	No.57 분신룡 트레스라군
10705	No.63 주걱 솔저
10706	No.74 매지컬 크라운－미싱 스워드
10707	No.85 크레이지 박스
10708	No.87 설월화미신 퀸 오브 나이츠
10710	<ruby>CX<rt>카오스 엑시즈</rt></ruby> 기장<ruby>마인<rt>魔人</rt></ruby> 엔제너럴
10711	<ruby>CX<rt>카오스 엑시즈</rt></ruby> 열혈지도신 얼티미트 트레이너
10713	<ruby>CX<rt>카오스 엑시즈</rt></ruby> 풍기대궁사 사이몬
10714	<ruby>CH<rt>코믹 히어로</rt></ruby> 킹 아서
10715	<ruby>CX<rt>카오스 엑시즈</rt></ruby>－<ruby>CH<rt>코믹 히어로</rt></ruby> 레전드 아서
10717	<ruby>CX<rt>카오스 엑시즈</rt></ruby> 격렬화전함 타오야메
10719	<ruby>CX<rt>카오스 엑시즈</rt></ruby> 초거대 공중요새 바빌론
10737	<ruby>BK<rt>버닝나쿠라</rt></ruby> 리베지 가드너
10738	<ruby>BK<rt>버닝나쿠라</rt></ruby> 래빗 펀처
10777	<ruby>CNo.<rt>카오스 넘버즈</rt></ruby>96 블랙 스톰
10778	No.65 재단<ruby>마인<rt>魔人</rt></ruby> 저지 버스터
10779	<ruby>CNo.<rt>카오스 넘버즈</rt></ruby>65 재단마왕 저지 데블
10780	<ruby>BK<rt>버닝나쿠라</rt></ruby> 치트 커미셔너
10781	No.46 신영룡 드래글루온
10782	No.64 늙은 너구리 삼태부
10811	BIG Win!?
10818	대치의 G
10822	라인몬스터 <ruby>K<rt>케이</rt></ruby>호스
10830	고고고 골렘－<ruby>GF<rt>골든 폼</rt></ruby>
10843	No.72 라인몬스터 채리엇 비차
10844	<ruby>ZW<rt>제알 웨폰</rt></ruby>－슬레이프니르 메일
10847	No.48 섀도우 리치
10854	No.73 격롱신 어비스 스플래시
10855	No.94 극빙희 크리스탈 제로
10856	<ruby>FA<rt>풀아머드</rt></ruby>－크리스탈 제로 랜서
10857	<ruby>FA<rt>풀아머드</rt></ruby>－블랙 레이 랜서
10879	성검 EX－칼리번
10881	기아기아기아 <ruby>XG<rt>크로스기간토</rt></ruby>
10882	기아기아노 MK－Ⅲ
10888	<ruby>ZW<rt>제알 웨폰</rt></ruby>－아슈라 블로
10932	<ruby>CNo.<rt>카오스 넘버즈</rt></ruby>101 사일런트 아너즈 다크 나이트
10933	No.101 사일런트 아너즈 아크 나이트
10934	No.39 유토피아 루츠
10935	<ruby>CNo.<rt>카오스 넘버즈</rt></ruby>69 데스 메달리온 카오스 오브 암즈
10936	<ruby>CNo.<rt>카오스 넘버즈</rt></ruby>92 위해허룡 Heart－eartH Chaos Dragon
10945	<ruby>RUM<rt>랭크 업 매직</rt></ruby>－아스트랄 포스
10946	<ruby>RDM<rt>랭크 다운 매직</rt></ruby>－누메론 폴
10973	No.36 오파츠 초기관 포크 휴크
10975	No.18 문장조 플레인 코트
10977	<ruby>SNo.<rt>샤이닝 넘버즈</rt></ruby>39 유토피아 <ruby>ONE<rt>원</rt></ruby>
10978	<ruby>SZW<rt>샤이닝 제알 웨폰</rt></ruby>－펜리르 스워드
11013	<ruby>CNo.<rt>카오스 넘버즈</rt></ruby>6 오파츠 카오스 아틀란타르
11014	<ruby>CNo.<rt>카오스 넘버즈</rt></ruby>15 기믹 퍼핏－시리얼킬러
11015	<ruby>CNo.<rt>카오스 넘버즈</rt></ruby>40 기믹 퍼핏－데블즈 스트링스
11016	<ruby>CNo.<rt>카오스 넘버즈</rt></ruby>88 기믹 퍼핏－디저스터 레오
11017	<ruby>CNo.<rt>카오스 넘버즈</rt></ruby>9 천개요성 카오스 다이슨 스피어
11018	No.13 케인즈 데블
11019	No.31 아밸즈 데블
11020	No.82 하트랜드라코
11022	<ruby>RUM<rt>랭크 업 매직</rt></ruby>－아젠트 카오스 포스
11025	No.58 염압귀 버너 바이서
11030	<ruby>ZS<rt>제알 서버스</rt></ruby>－배니시 세이지
11037	<ruby>BK<rt>버닝나쿠라</rt></ruby> 빅밴티지
11038	<ruby>BK<rt>버닝나쿠라</rt></ruby> 베일
11069	No.62 갤럭시아이즈 프라임 포톤 드래곤
11070	<ruby>CNo.<rt>카오스 넘버즈</rt></ruby>107 네오 갤럭시아이즈 타키온 드래곤
11071	No.103 신장령양 라그나 제로
11072	<ruby>CNo.<rt>카오스 넘버즈</rt></ruby>103 신장령양 라그나 인피니티
11073	<ruby>CNo.<rt>카오스 넘버즈</rt></ruby>102 다크 라이트닝 노블 데몬
11074	No.80 광장패왕 랩소디 인 버서크
11075	<ruby>CNo.<rt>카오스 넘버즈</rt></ruby>80 장장패왕 레퀴엠 인 버서크
11076	No.43 혼백괴뢰귀 소울 마리오네터
11077	<ruby>CNo.<rt>카오스 넘버즈</rt></ruby>43 혼백괴뢰귀신 카오스 마리오네터
11087	<ruby>RUM<rt>랭크 업 매직</rt></ruby>－더 세븐스 원
11097	잭팟 7
11111	No.55 고고고 골라이아스
11117	<ruby>BK<rt>버닝나쿠라</rt></ruby> 섀도우
11118	No.79 <ruby>BK<rt>버닝나쿠라</rt></ruby> 항성의 카이저
11122	No.52 다이아몬드 크랩 킹
11132	No.39 희망황 비욘드 더 호프
11133	<ruby>CX<rt>카오스 엑시즈</rt></ruby> 기망황 바리언
11172	<ruby>BF<rt>블랙 페더</rt></ruby>－돌풍의 오로시
11173	<ruby>BF<rt>블랙 페더</rt></ruby>－은신의 스팀
11174	<ruby>BF<rt>블랙 페더</rt></ruby>－회오리 허리케인
11185	<ruby>CNo.<rt>카오스 넘버즈</rt></ruby>73 격롱폭신 어비스 수프라
11186	<ruby>RUM<rt>랭크 업 매직</rt></ruby>－퀵 카오스
11187	<ruby>CNo.<rt>카오스 넘버즈</rt></ruby>5 망롱룡 카오스 키메라 드래곤
11188	<ruby>RUM<rt>랭크 업 매직</rt></ruby>－어드마이어 데스 사우전드
11214	<ruby>EM<rt>엔터메이트</rt></ruby> 아멘보트
11215	<ruby>EM<rt>엔터메이트</rt></ruby> 윕 바이퍼
11216	<ruby>EM<rt>엔터메이트</rt></ruby> 스워드 피시
11217	<ruby>EM<rt>엔터메이트</rt></ruby> 디스커버 히포
11218	<ruby>EM<rt>엔터메이트</rt></ruby> 카레이드스콜피온
11219	<ruby>EM<rt>엔터메이트</rt></ruby> 깜짝 깨구리
11220	초중무사 워커－<ruby>O2<rt>오이</rt></ruby>
11221	초중무사 스워드－<ruby>999<rt>구구구</rt></ruby>
11222	초중무사 빅벤－<ruby>K<rt>케이</rt></ruby>
11246	의식마인 데몰릿셔
11247	전지맨－9볼트
11254	분보그<ruby>001<rt>제로제로원</rt></ruby>
11255	화려한 스파이－C
11265	야만족의 광연 <ruby>LV<rt>레벨</rt></ruby>5
11290	<ruby>H·C<rt>히로익 챌린저</rt></ruby> 강습의 할베르트
11291	<ruby>H·C<rt>히로익 챌린저</rt></ruby> 사우전드 블레이드
11296	No.86 <ruby>H－C<rt>히로익 챔피언</rt></ruby> 론고미언트
11297	건<ruby>마인<rt>魔人</rt></ruby> 허미허미허밍
11301	<ruby>EM<rt>엔터메이트</rt></ruby> 실버 크로우
11305	No.99 희망황룡 호프드라군
11314	엘리멘틀 히어로 <ruby>Core<rt>코어</rt></ruby>
11322	<ruby>U.A.<rt>울트라 애슬리트</rt></ruby> 마이티 슬러거
11323	<ruby>U.A.<rt>울트라 애슬리트</rt></ruby> 퍼펙트 에이스
11324	<ruby>U.A.<rt>울트라 애슬리트</rt></ruby> 스타디움
11328	<ruby>DDD<rt>디디디</rt></ruby> 제패왕 카이젤
11329	<ruby>DD<rt>디디</rt></ruby> 프라우드 오우거
11330	<ruby>DD<rt>디디</rt></ruby> 프라우드 슈발리에
11331	<ruby>EM<rt>엔터메이트</rt></ruby> 헤이타이거
11332	<ruby>EM<rt>엔터메이트</rt></ruby> 진라이노
11333	<ruby>EM<rt>엔터메이트</rt></ruby> 치어몰
11334	<ruby>EM<rt>엔터메이트</rt></ruby> 트램펄링크스
11340	초중무사 카부－<ruby>10<rt>십</rt></ruby>
11341	초중무사 텐<ruby>B－N<rt>빈</rt></ruby>
11374	분보그<ruby>002<rt>제로제로투</rt></ruby>
11375	<ruby>Ms.JUDGE<rt>미즈 저지</rt></ruby>
11391	독주의 제1악장
11402	<ruby>EM<rt>엔터메이트</rt></ruby> 리바이벌
11413	<ruby>FNo.<rt>퓨처 넘버즈</rt></ruby>0 미래황 호프
11433	<ruby>P<rt>피</rt></ruby>·<ruby>M<rt>엠</rt></ruby> 캡처
11435	<ruby>X<rt>엑시즈</rt></ruby>－레이 피어스
11439	<ruby>DD<rt>디디</rt></ruby> 릴리스
11440	<ruby>DD<rt>디디</rt></ruby> 나이트 하울링
11441	<ruby>DD<rt>디디</rt></ruby> 마도현자 갈릴레이
11442	<ruby>DD<rt>디디</rt></ruby> 마도현자 케플러
11443	<ruby>DDD<rt>디디디</rt></ruby> 사위왕 헬 아마게돈
11444	<ruby>DDD<rt>디디디</rt></ruby> 열화왕 테무진
11445	<ruby>DDD<rt>디디디</rt></ruby> 질풍왕 알렉산더
11450	<ruby>DDD<rt>디디디</rt></ruby>의 인사권
11451	<ruby>DD<rt>디디</rt></ruby> 리크루트
11457	<ruby>DDD<rt>디디디</rt></ruby> 노도왕 시져
11458	<ruby>DD<rt>디디</rt></ruby> 케로베로스
11459	No.23 명계의 영기사 란슬롯
11460	<ruby>DDD<rt>디디디</rt></ruby> 반골왕 레오니다스
11461	갤럭시아이즈 FA<rt>풀아머</rt> 포톤 드래곤
11510	<ruby>U.A.<rt>울트라 애슬리트</rt></ruby> 판타지스타
11511	<ruby>U.A.<rt>울트라 애슬리트</rt></ruby> 커스토디안
11512	<ruby>U.A.<rt>울트라 애슬리트</rt></ruby> 파워드 깁스
11516	<ruby>BOX<rt>복</rt></ruby>서
11521	<ruby>EM<rt>엔터메이트</rt></ruby> 파이어 머플라이오
11522	<ruby>EM<rt>엔터메이트</rt></ruby> 파트나가
11523	<ruby>EM<rt>엔터메이트</rt></ruby> 프렌동키
11524	<ruby>EM<rt>엔터메이트</rt></ruby> 스파이크 이글
11525	<ruby>EM<rt>엔터메이트</rt></ruby> 플러스터틀
11526	<ruby>EM<rt>엔터메이트</rt></ruby> 트럼프 위치
11527	초중무사 카게보－<ruby>C<rt>씨</rt></ruby>
11528	초중무사 호라가－<ruby>E<rt>이</rt></ruby>
11531	<ruby>RR<rt>레이드 랩터즈</rt></ruby>－버니싱 레이니어스
11550	<ruby>D<rt>디포머</rt></ruby>·스마폰
11561	분보그<ruby>003<rt>제로제로쓰리</rt></ruby>
11568	초중황신 스사노－<ruby>O<rt>오</rt></ruby>
11570	<ruby>RR<rt>레이드 랩터즈</rt></ruby>－라이즈 팔콘
11574	<ruby>RR<rt>레이드 랩터즈</rt></ruby>－네스트
11587	<ruby>EM<rt>엔터메이트</rt></ruby> 콜
11590	<ruby>RR<rt>레이드 랩터즈</rt></ruby>－레디네스
11606	No.81 초노급포탑열차 슈페리어 도라
11608	사운드 워리어 기타스
11609	사운드 워리어 사이저스
11610	앰플리파이어
11615	<ruby>EM<rt>엔터메이트</rt></ruby> 펜듈럼 매지션
11616	<ruby>DDD<rt>디디디</rt></ruby> 괴치왕 어비스 라그나로크
11618	초중신귀 슈텐도－<ruby>G<rt>지</rt></ruby>
11619	<ruby>RR<rt>레이드 랩터즈</rt></ruby>－포스 스트릭스
11637	<ruby>U.A.<rt>울트라 애슬리트</rt></ruby> 필드 제너럴
11638	<ruby>U.A.<rt>울트라 애슬리트</rt></ruby> 스트롱 블로커
11639	<ruby>U.A.<rt>울트라 애슬리트</rt></ruby> 턴오버 택틱스
11640	<ruby>HSR<rt>하이스피드로이드</rt></ruby> 마검다마
11649	<ruby>BF<rt>블랙 페더</rt></ruby>－별그림자의 노퉁
11651	No.95 갤럭시아이즈 다크매터 드래곤
11653	No.14 욕망의 사라메야
11654	No.21 빙결의 레이디 저스티스
11677	<ruby>EM<rt>엔터메이트</rt></ruby> 해머맘모
11678	<ruby>EM<rt>엔터메이트</rt></ruby> 활메뚜기
11679	<ruby>EM<rt>엔터메이트</rt></ruby> 리저드로우
11680	<ruby>EM<rt>엔터메이트</rt></ruby> 스프링구스
11681	초중무사 빅와라－<ruby>G<rt>지</rt></ruby>
11682	초중무사 글로－<ruby>V<rt>브이</rt></ruby>
11683	초중무사 타마－<ruby>C<rt>씨</rt></ruby>
11690	에지임프 <ruby>DT<rt>디티</rt></ruby>모조품
11691	<ruby>RR<rt>레이드 랩터즈</rt></ruby>－임페일 레이니어스
11692	<ruby>RR<rt>레이드 랩터즈</rt></ruby>－미미크리 레이니어스
11710	분보그<ruby>004<rt>제로제로포</rt></ruby>
11713	sophia의 네크로즈
11723	<ruby>RR<rt>레이드 랩터즈</rt></ruby>－브레이즈 팔콘
11724	<ruby>RR<rt>레이드 랩터즈</rt></ruby>－레볼루션 팔콘
11727	<ruby>EM<rt>엔터메이트</rt></ruby> 캐스트 체인지
11732	<ruby>RUM<rt>랭크 업 매직</rt></ruby>－레볼루션 포스
11741	<ruby>EM<rt>엔터메이트</rt></ruby> 핀치헬퍼
11766	<ruby>SNo.<rt>샤이닝 넘버즈</rt></ruby>39 유토피아 더 라이트닝
11767	<ruby>RR<rt>레이드 랩터즈</rt></ruby>－트리뷰트 레이니어스
11769	<ruby>DDD<rt>디디디</rt></ruby> 패룡왕 펜드래곤
11776	<ruby>U.A.<rt>울트라 애슬리트</rt></ruby> 드레드노트 덩커
11777	<ruby>U.A.<rt>울트라 애슬리트</rt></ruby> 코리발 리바운더
11778	<ruby>U.A.<rt>울트라 애슬리트</rt></ruby> 플래그십 딜
11779	<ruby>U.A.<rt>울트라 애슬리트</rt></ruby> 페널티
11789	<ruby>EM<rt>엔터메이트</rt></ruby> 락다운
11790	<ruby>EM<rt>엔터메이트</rt></ruby> 드러밍 콩
11791	초중무사 타이머－<ruby>2<rt>투</rt></ruby>
11795	<ruby>DD<rt>디디</rt></ruby> 판도라
11797	<ruby>RR<rt>레이드 랩터즈</rt></ruby>－파지 레이니어스
11798	<ruby>RR<rt>레이드 랩터즈</rt></ruby>－싱잉 레이니어스
11799	<ruby>Em<rt>엔터메이지</rt></ruby> 데미지 저글러
11800	<ruby>Em<rt>엔터메이지</rt></ruby> 프레임 이터
11801	<ruby>Em<rt>엔터메이지</rt></ruby> 햇트릭커
11802	<ruby>Em<rt>엔터메이지</rt></ruby> 트릭 크라운
11803	<ruby>Em<rt>엔터메이지</rt></ruby> 스틸츠 슈터
11809	룡검사 라스터<ruby>P<rt>펜듈럼</rt></ruby>
11828	분보그<ruby>005<rt>제로제로파이브</rt></ruby>
11829	응전의 G
11830	<ruby>DDD<rt>디디디</rt></ruby> 신탁왕 다르크
11834	폭룡검사 이그니스터<ruby>P<rt>프로미넌스</rt></ruby>
11836	<ruby>DDD<rt>디디디</rt></ruby> 저격왕 텔
11837	<ruby>Em<rt>엔터메이지</rt></ruby> 트래피즈 매지션
11841	<ruby>RUM<rt>랭크 업 매직</rt></ruby>－랩터즈 포스
11845	이그니션<ruby>P<rt>피닉스</rt></ruby>
11853	<ruby>RR<rt>레이드 랩터즈</rt></ruby>－리턴
11932	<ruby>SNo.<rt>샤이닝 넘버즈</rt></ruby>0 호프 제알
11938	<ruby>EM<rt>엔터메이트</rt></ruby> 도크로배트 조커
11945	<ruby>EM<rt>엔터메이트</rt></ruby> 세컨동키
11946	<ruby>EM<rt>엔터메이트</rt></ruby> 맘모스플래시
11947	<ruby>EM<rt>엔터메이트</rt></ruby> 헬프린세스
11948	초중무사 누스－<ruby>10<rt>십</rt></ruby>
11949	초중무사 히캬－<ruby>Q<rt>큐</rt></ruby>
11950	초중무사 츠즈－<ruby>3<rt>삼</rt></ruby>
11954	<ruby>DD<rt>디디</rt></ruby> 바포메트
11955	<ruby>DD<rt>디디</rt></ruby> 스월 슬라임
11956	<ruby>DD<rt>디디</rt></ruby> 네크로 슬라임
11957	<ruby>RR<rt>레이드 랩터즈</rt></ruby>－와일드 벌쳐
11958	<ruby>RR<rt>레이드 랩터즈</rt></ruby>－스컬 이글
11959	<ruby>Em<rt>엔터메이지</rt></ruby> 미러 컨덕터
11960	<ruby>Em<rt>엔터메이지</rt></ruby> 히구루미
11961	전설의 어부 3세
11962	<ruby>A BF<rt>어썰트 블랙 페더</rt></ruby>－안개비의 쿠나이
11968	용마왕 벡터<ruby>P<rt>펜듈럼</rt></ruby>
11983	분보그<ruby>006<rt>제로제로식스</rt></ruby>
11985	Dr.프랑게
11988	<ruby>DDD<rt>디디디</rt></ruby> 노도괴치왕 카이사르 라그나로크
11991	<ruby>A BF<rt>어썰트 블랙 페더</rt></ruby>－소나기의 라이키리
11994	<ruby>DDD<rt>디디디</rt></ruby> 쌍효왕 칼리 유가
11995	<ruby>RR<rt>레이드 랩터즈</rt></ruby>－데블 이글
11996	승룡검사 마제스터<ruby>P<rt>파라딘</rt></ruby>
11998	<ruby>RUM<rt>랭크 업 매직</rt></ruby>－레이드 포스
12002	마제스틱<ruby>P<rt>페가수스</rt></ruby>
12012	<ruby>DDD<rt>디디디</rt></ruby>의 계약변경
12029	사운드 워리어 마이크스
12030	<ruby>EM<rt>엔터메이트</rt></ruby> 라 팬더
12033	<ruby>Kozmo<rt>코즈모</rt></ruby>－도롯셀
12034	<ruby>Kozmo<rt>코즈모</rt></ruby>－그린돌
12035	<ruby>Kozmo<rt>코즈모</rt></ruby>－슬립라이더
12036	<ruby>Kozmo<rt>코즈모</rt></ruby>－포어러너
12037	<ruby>Kozmo<rt>코즈모</rt></ruby>－에머랄드폴리스
12040	<ruby>KYOUTOU<rt>쿄토</rt></ruby> 워터프론트
12047	<ruby>SR<rt>스피드로이드</rt></ruby> 베이고맥스
12048	<ruby>SR<rt>스피드로이드</rt></ruby> 세 눈의 다이스
12049	<ruby>SR<rt>스피드로이드</rt></ruby> 더블요요
12050	<ruby>SR<rt>스피드로이드</rt></ruby> 셰이부메랑
12051	<ruby>SR<rt>스피드로이드</rt></ruby> 멘코트
12052	<ruby>SR<rt>스피드로이드</rt></ruby> 타케톰보그
12053	<ruby>SR<rt>스피드로이드</rt></ruby> 오하지키드
12054	<ruby>SR<rt>스피드로이드</rt></ruby> 빨간 눈의 다이스
12055	<ruby>HSR<rt>하이스피드로이드</rt></ruby> 찬바라이더
12067	<ruby>PSY<rt>싸이</rt></ruby>프레임 드라이버
12068	<ruby>PSY<rt>싸이</rt></ruby>프레임기어 <ruby>α<rt>알파</rt></ruby>
12069	<ruby>PSY<rt>싸이</rt></ruby>프레임기어 <ruby>β<rt>베타</rt></ruby>
12070	<ruby>PSY<rt>싸이</rt></ruby>프레임기어 <ruby>γ<rt>감마</rt></ruby>
12071	<ruby>PSY<rt>싸이</rt></ruby>프레임기어 <ruby>δ<rt>델타</rt></ruby>
12072	<ruby>PSY<rt>싸이</rt></ruby>프레임기어 <ruby>ε<rt>엡실론</rt></ruby>
12073	<ruby>PSY<rt>싸이</rt></ruby>프레임로드 <ruby>Ζ<rt>제타</rt></ruby>
12074	<ruby>PSY<rt>싸이</rt></ruby>프레임로드 <ruby>Ω<rt>오메가</rt></ruby>
12075	<ruby>PSY<rt>싸이</rt></ruby>프레임 서킷
12076	<ruby>PSY<rt>싸이</rt></ruby>프레임 오버로드
12088	No.93 유토피아 카이저
12100	<ruby>Kozmo<rt>코즈모</rt></ruby>－포르미토
12101	<ruby>Kozmo<rt>코즈모</rt></ruby>－다크 로즈
12102	<ruby>Kozmo<rt>코즈모</rt></ruby>－도그파이터
12103	<ruby>Kozmo<rt>코즈모</rt></ruby>－다크시미터
12104	<ruby>Kozmo<rt>코즈모</rt></ruby>－레이블레이드
12111	<ruby>EM<rt>엔터메이트</rt></ruby> 멍키보드
12112	<ruby>EM<rt>엔터메이트</rt></ruby> 기터틀
12113	<ruby>EM<rt>엔터메이트</rt></ruby> 빅바이트터틀
12114	<ruby>EM<rt>엔터메이트</rt></ruby> 레인고트
12115	<ruby>EM<rt>엔터메이트</rt></ruby> 트럼프 걸
12116	초중무사 지샤－<ruby>Q<rt>큐</rt></ruby>
12117	초중무사 코코로가마－<ruby>A<rt>에이</rt></ruby>
12118	초중휘장 히스－<ruby>E<rt>이</rt></ruby>
12119	초중휘장 산－<ruby>5<rt>오</rt></ruby>
12122	<ruby>BF<rt>블랙 페더</rt></ruby>－모래 먼지의 하르마탄
12131	룡검사 마스터<ruby>P<rt>펜듈럼</rt></ruby>
12147	분보그<ruby>007<rt>제로제로세븐</rt></ruby>
12148	분보그<ruby>008<rt>제로제로에이트</rt></ruby>
12154	강룡검사 다이너스터<ruby>P<rt>파워풀</rt></ruby>
12156	초중마수 큐우－<ruby>B<rt>비</rt></ruby>
12157	<ruby>HSR<rt>하이스피드로이드</rt></ruby> 마하고 이타
12170	다이너믹<ruby>P<rt>파워로드</rt></ruby>
12191	초중검성 무사－<ruby>C<rt>씨</rt></ruby>
12208	부비트랩<ruby>E<rt>이</rt></ruby>
12209	<ruby>RR<rt>레이드 랩터즈</rt></ruby>－네크로 벌쳐
12210	<ruby>RR<rt>레이드 랩터즈</rt></ruby>－라스트 스트릭스
12211	<ruby>RR<rt>레이드 랩터즈</rt></ruby>－새털라이트 캐논 팔콘
12212	<ruby>RR<rt>레이드 랩터즈</rt></ruby>－콜
12213	<ruby>RUM<rt>랭크 업 매직</rt></ruby>－데스 더블 포스
12214	<ruby>RUM<rt>랭크 업 매직</rt></ruby>－소울 셰이브 포스
12225	<ruby>DDD<rt>디디디</rt></ruby> 극지왕 카오스 어포컬립스
12226	<ruby>DD<rt>디디</rt></ruby> 마도현자 뉴턴
12227	<ruby>DD<rt>디디</rt></ruby> 마도현자 코페르니쿠스
12228	<ruby>DD<rt>디디</rt></ruby> 오르트로스
12229	<ruby>DD<rt>디디</rt></ruby> 라미아
12231	<ruby>DD<rt>디디</rt></ruby> 리빌드
12232	<ruby>DDD<rt>디디디</rt></ruby> 극룡왕 베어 울프
12233	<ruby>DDD<rt>디디디</rt></ruby> 주혈왕 사이프리트
12243	<ruby>Kozmo<rt>코즈모</rt></ruby>－펠블랑
12244	<ruby>Kozmo<rt>코즈모</rt></ruby>－시미우즈
12245	<ruby>Kozmo<rt>코즈모</rt></ruby>－델타셔틀
12246	<ruby>Kozmo<rt>코즈모</rt></ruby>－다크이클립서
12247	<ruby>Kozmo<rt>코즈모</rt></ruby>－에너지아츠
12259	No.37 희망직룡 스파이더 샤크
12260	No.38 희망괴룡 타이타닉 갤럭시
12261	No.35 라베노스 타란툴라
12262	No.84 페인 게이너
12263	No.77 더 세븐 신즈
12274	<ruby>EM<rt>엔터메이트</rt></ruby> 집주인소라게
12275	<ruby>EM<rt>엔터메이트</rt></ruby> 오드아이즈 라이트피닉스
12276	<ruby>EM<rt>엔터메이트</rt></ruby> 오드아이즈 유니콘
12277	<ruby>EM<rt>엔터메이트</rt></ruby> 반딧불스
12278	<ruby>SR<rt>스피드로이드</rt></ruby> 전전 대공
12279	<ruby>SR<rt>스피드로이드</rt></ruby> 파칭고카트
12286	<ruby>RR<rt>레이드 랩터즈</rt></ruby>－어벤지 벌쳐
12287	<ruby>RR<rt>레이드 랩터즈</rt></ruby>－페인 레이니어스
12288	<ruby>RR<rt>레이드 랩터즈</rt></ruby>－부스터 스트릭스
12289	<ruby>BF<rt>블랙 페더</rt></ruby>－조풍의 데스
12295	용마왕 렉터<ruby>P<rt>펜듈럼</rt></ruby>
12314	분보그<ruby>009<rt>제로제로나인</rt></ruby>
12316	허용마왕 아모르펙터<ruby>P<rt>사이코</rt></ruby>
12322	<ruby>HSR<rt>하이스피드로이드</rt></ruby> 쾌도난파 즈루
12323	<ruby>A BF<rt>어썰트 블랙 페더</rt></ruby>－눈물비의 치도리
12325	<ruby>RR<rt>레이드 랩터즈</rt></ruby>－얼티미트 팔콘
12330	<ruby>RUM<rt>랭크 업 매직</rt></ruby>－스킵 포스
12334	아모르파스<ruby>P<rt>페르소나</rt></ruby>
12354	파멸룡 간드라<ruby>X<rt>크로스</rt></ruby>
12371	<ruby>EM<rt>엔터메이트</rt></ruby> 슬라이핸드 매지션
12372	<ruby>EM<rt>엔터메이트</rt></ruby> 킹베어
12373	<ruby>EM<rt>엔터메이트</rt></ruby> 그네코브라
12374	<ruby>EM<rt>엔터메이트</rt></ruby> 모몬카펫
12375	<ruby>EM<rt>엔터메이트</rt></ruby> 잉코러스
12376	<ruby>EM<rt>엔터메이트</rt></ruby> 롱폰 불
12377	<ruby>EM<rt>엔터메이트</rt></ruby> 시소메뚜기
12378	<ruby>EM<rt>엔터메이트</rt></ruby> 드라마틱시어터
12379	<ruby>EM<rt>엔터메이트</rt></ruby> 쇼다운
12385	<ruby>Kozmo<rt>코즈모</rt></ruby>－퍼비드
12386	<ruby>Kozmo<rt>코즈모</rt></ruby>－다크 엘파이버
12387	<ruby>Kozmo<rt>코즈모</rt></ruby>－랜드워커
12388	<ruby>Kozmo<rt>코즈모</rt></ruby>－다크플래닛
12389	<ruby>Kozmo<rt>코즈모</rt></ruby>－에필로그
12400	<ruby>EM<rt>엔터메이트</rt></ruby> 보트아이즈 리저드
12401	<ruby>EM<rt>엔터메이트</rt></ruby> 도라고양이
12402	<ruby>EM<rt>엔터메이트</rt></ruby> 엑스트라 슈터
12403	<ruby>EM<rt>엔터메이트</rt></ruby> 베리어벌룬 바쿠
12404	<ruby>EM<rt>엔터메이트</rt></ruby> 고무고무튼
12405	<ruby>EM<rt>엔터메이트</rt></ruby> 버블도그
12406	<ruby>EM<rt>엔터메이트</rt></ruby> 래디시 호스
12407	<ruby>EM<rt>엔터메이트</rt></ruby> 라이프 스워드맨
12409	<ruby>DD<rt>디디</rt></ruby> 마도현자 토마스
12410	<ruby>DD<rt>디디</rt></ruby> 마도현자 니콜라
12411	<ruby>BF<rt>블랙 페더</rt></ruby>－역권의 토네이도
12412	<ruby>BF<rt>블랙 페더</rt></ruby>－농그림자의 고우후우
12419	진룡검사 마스터<ruby>P<rt>피스</rt></ruby>
12424	진룡황 아그니마즈드<ruby>V<rt>버니셔</rt></ruby>
12446	<ruby>A BF<rt>어썰트 블랙 페더</rt></ruby>－비를 긋는 사요
12447	<ruby>A BF<rt>어썰트 블랙 페더</rt></ruby>－오월비의 소하야
12448	<ruby>A BF<rt>어썰트 블랙 페더</rt></ruby>－신립의 오니마르
12459	메타모르<ruby>F<rt>포메이션</rt></ruby>
12487	푸른 눈의 카오스 <ruby>MAX<rt>맥스</rt></ruby> 드래곤
12530	<ruby>EM<rt>엔터메이트</rt></ruby> 유니
12531	<ruby>EM<rt>엔터메이트</rt></ruby> 콘
12532	<ruby>RR<rt>레이드 랩터즈</rt></ruby>－네이팜 드라고니어스
12533	<ruby>RR<rt>레이드 랩터즈</rt></ruby>－블레이드 버너 팔콘
12542	손 잡는 마인
12544	No.100 누메론 드래곤
12545	No.24 룡혈귀 드라큐라스
12546	No.45 멸망의 예언자 크램블 로고스
12547	No.51 괴완의 피니시 홀드
12548	No.59 백 더 쿡
12549	No.78 넘버즈 아카이브
12550	No.98 절망황 호프리스
12582	A－어썰트 코어
12583	B－버스터 드레이크
12584	C－크러시 와이반
12589	AtoZ－드래곤 버스터캐논
12590	ABC－드래곤 버스터
12592	<ruby>EM<rt>엔터메이트</rt></ruby> 윔 위치
12593	<ruby>EM<rt>엔터메이트</rt></ruby> 올커버 히포
12594	<ruby>EM<rt>엔터메이트</rt></ruby> 씰 일
12595	<ruby>EM<rt>엔터메이트</rt></ruby> 체인지라프
12611	진룡황 바하루스토스<ruby>F<rt>퓨러</rt></ruby>
12619	<ruby>PSY<rt>싸이</rt></ruby>프레임 멀티스레더
12620	그레이돌 슬라임<ruby>Jr.<rt>주니어</rt></ruby>
12632	초중첩자 사루토－<ruby>B<rt>비</rt></ruby>
12644	<ruby>RUM<rt>랭크 업 매직</rt></ruby>－팬텀 나이츠 라운치
12647	크리스탈<ruby>P<rt>포텐셜</rt></ruby>
12653	"A" 세포 변환 장치
12664	<ruby>PSY<rt>싸이</rt></ruby>프레임 엑셀러레이터
12673	<ruby>EM<rt>엔터메이트</rt></ruby> 핸사무라이거
12688	<ruby>SPYRAL<rt>스파이랄</rt></ruby>－댄디
12689	<ruby>SPYRAL<rt>스파이랄</rt></ruby>－지니어스
12690	<ruby>SPYRAL GEAR<rt>스파이랄 기어</rt></ruby>－드론
12691	<ruby>SPYRAL GEAR<rt>스파이랄 기어</rt></ruby>－빅 레드
12693	<ruby>EM<rt>엔터메이트</rt></ruby> 레 벨맨
12698	<ruby>EM<rt>엔터메이트</rt></ruby> 오드아이즈 메탈 크로우
12701	<ruby>EM<rt>엔터메이트</rt></ruby> 골드 팽
12708	<ruby>D3<rt>디큐빅</rt></ruby>
12709	D－퓨전
12737	<ruby>EM<rt>엔터메이트</rt></ruby> 리턴탕탕
12738	<ruby>EM<rt>엔터메이트</rt></ruby> 다그 대거맨
12739	<ruby>EM<rt>엔터메이트</rt></ruby> 래프메이커
12740	<ruby>SR<rt>스피드로이드</rt></ruby>－OMK껌
12741	<ruby>SR<rt>스피드로이드</rt></ruby> 뱀부 호스
12742	<ruby>WW<rt>윈드 위치</rt></ruby>－아이스 벨
12743	<ruby>WW<rt>윈드 위치</rt></ruby>－스노우 벨
12754	진룡황 리토스아지무<ruby>D<rt>디재스터</rt></ruby>
12762	창성신 tierra
12775	<ruby>WW<rt>윈드 위치</rt></ruby>－크리스탈 벨
12778	<ruby>WW<rt>윈드 위치</rt></ruby>－윈터 벨
12779	초중첩자 시노비－A·C
12791	<ruby>RUM<rt>랭크 업 매직</rt></ruby>－사이퍼 어센션
12793	조디악<ruby>S<rt>싸인</rt></ruby>
12802	터미널 월드 NEXT
12824	"<ruby>RESORT<rt>리조트</rt></ruby>" <ruby>STAFF<rt>스탭</rt></ruby>－차밍
12825	<ruby>SPYRAL<rt>스파이랄</rt></ruby>－그레이스
12826	<ruby>SPYRAL MISSION<rt>스파이랄 미션</rt></ruby>－강습
12827	<ruby>SPYRAL RESORT<rt>스파이랄 리조트</rt></ruby>
12829	<ruby>SR<rt>스피드로이드</rt></ruby> 패싱글라이더
12861	<ruby>WW<rt>윈드 위치</rt></ruby>－글라스 벨
12862	<ruby>LL<rt>리리컬 루스키니아</rt></ruby>－리사이트 스털링
12863	초중무사 다이－<ruby>8<rt>하치</rt></ruby>
12868	<ruby>RR<rt>레이드 랩터즈</rt></ruby>－아스날 팔콘
12877	<ruby>SPYGAL<rt>스파이갤</rt></ruby>－미스티
12878	<ruby>SPYRAL<rt>스파이랄</rt></ruby>－터프니스
12879	<ruby>SPYRAL GEAR<rt>스파이랄 기어</rt></ruby>－멀티와이어
12880	<ruby>SPYRAL MISSION<rt>스파이랄 미션</rt></ruby>－탈환
12881	<ruby>EM<rt>엔터메이트</rt></ruby> 바라드
12882	<ruby>EM<rt>엔터메이트</rt></ruby> 바라쿠다
12883	<ruby>SR<rt>스피드로이드</rt></ruby> 도미노버터플라이
12887	<ruby>R·R·R<rt>레이드 랩터즈 레플리카</ruby>
12889	<ruby>ONi<rt>오니</rt></ruby> 썬더
12890	No.28 타이타닉 모스
12891	No.70 데들리 씬
12915	<ruby>EM<rt>엔터메이트</rt></ruby> 스카이 매지션
12916	<ruby>EM<rt>엔터메이트</rt></ruby> 스카이 퓨필
12917	<ruby>EM<rt>엔터메이트</rt></ruby> 레뷰 댄서
12918	<ruby>EM<rt>엔터메이트</rt></ruby> 유골렘
12919	<ruby>EM<rt>엔터메이트</rt></ruby> 드라고 리모라
12920	<ruby>SR<rt>스피드로이드</rt></ruby> 비드로 도크로
12921	<ruby>SR<rt>스피드로이드</rt></ruby> 아쿠마그네
12922	<ruby>SR<rt>스피드로이드</rt></ruby> <ruby>56<rt>파이브식스</rt></ruby>프레인
12926	<ruby>LL<rt>리리컬 루스키니아</rt></ruby>－코발트 스패로
12927	<ruby>LL<rt>리리컬 루스키니아</rt></ruby>－사파이어 스왈로
12928	<ruby>LL<rt>리리컬 루스키니아</rt></ruby>－터쿼이즈 와블러
12929	<ruby>DD<rt>디디</rt></ruby> 고스트
12934	진룡도사 마제스티<ruby>M<rt>메이든</rt></ruby>
12935	진룡전사 이그니스<ruby>H<rt>히트</rt></ruby>
12936	진룡권사 다이너마이트<ruby>K<rt>너클</rt></ruby>
12938	진룡검황 마스터<ruby>P<rt>피스</rt></ruby>
12943	디지털 버그－<ruby>LED<rt>레이디</rt></ruby>버그
12946	거대전함 빅 코어 MK－Ⅲ
12954	<ruby>EM<rt>엔터메이트</rt></ruby> 개틀링구울
12955	<ruby>LL<rt>리리컬 루스키니아</rt></ruby>－인디펜던트 나이팅게일
12957	<ruby>LL<rt>리리컬 루스키니아</rt></ruby>－어셈블리 나이팅게일
12958	<ruby>RR<rt>레이드 랩터즈</rt></ruby>－에트랑제 팔콘
12959	<ruby>DDD<rt>디디디</rt></ruby> 반석왕 다리우스
12960	진룡황 <ruby>V.F.D.<rt>더 비스트</rt></ruby>
12967	드래고닉<ruby>D<rt>다이아그램</rt></ruby>
13012	메가로스매셔<ruby>X<rt>엑스</rt></ruby>
13016	<ruby>DDD<rt>디디디</rt></ruby> 열화대왕 이그제큐티브 테무진
13017	<ruby>FNo.<rt>퓨처 넘버즈</rt></ruby>0 미래황 호프－퓨처 슬래시
13018	<ruby>RR<rt>레이드 랩터즈</rt></ruby>－레볼루션 팔콘－에어레이드
13025	<ruby>SPYRAL<rt>스파이랄</rt></ruby>－보텍스
13026	<ruby>SPYRAL GEAR<rt>스파이랄 기어</rt></ruby>－라스트 리조트
13027	<ruby>SPYRAL GEAR<rt>스파이랄 기어</rt></ruby>－엑스트라암즈
13028	<ruby>SPYRAL MISSION<rt>스파이랄 미션</rt></ruby>－구출
13031	<ruby>RAM<rt>램</rt></ruby> 클라우더
13037	<ruby>EM<rt>엔터메이트</rt></ruby> 카드 가드너
13056	<ruby>DD<rt>디디</rt></ruby> 바이스 튜폰
13073	<ruby>Re:EX<rt>렉스</rt></ruby>
13079	<ruby>DDD<rt>디디디</rt></ruby> 질풍대왕 이그제큐티브 알렉산더
13081	<ruby>DDD<rt>디디디</rt></ruby> 노도대왕 이그제큐티브 시져
13121	<ruby>DDD<rt>디디디</rt></ruby> 운명의 왕 제로 라플라스
13123	<ruby>DDD<rt>디디디</rt></ruby> 초사위왕 퍼플리시 헬 아마게돈
13127	<ruby>EM<rt>엔터메이트</rt></ruby> 오드아이즈 미노타우로스
13128	<ruby>EM<rt>엔터메이트</rt></ruby> 오드아이즈 디졸버
13129	<ruby>EM<rt>엔터메이트</rt></ruby> 오드아이즈 싱크론
13130	<ruby>EM<rt>엔터메이트</rt></ruby> 오홍의 마술사
13132	<ruby>DDD<rt>디디디</rt></ruby> 초사위왕 화이티스트 헬 아마게돈
13133	<ruby>DDD<rt>디디디</rt></ruby> 초사위왕 다크니스 헬 아마게돈
13134	초중무사 오타스－<ruby>K<rt>케이</rt></ruby>
13135	초중무사 코부－<ruby>C<rt>씨</rt></ruby>
13136	초중증귀 테츠도－<ruby>O<rt>오</rt></ruby>
13139	<ruby>RR<rt>레이드 랩터즈</rt></ruby>－러더 스트릭스
13140	<ruby>RR<rt>레이드 랩터즈</rt></ruby>－파이널 포트리스 팔콘
13162	No.29 마네킹캣
13163	No.41 이수마수 바구스카
13164	No.68 마천뢰 산달폰
13165	No.71 리바리언 샤크
13166	No.89 전뇌수 디아블로시스
13176	전설의 어부 2세
13190	본딩－D2O
13191	본딩－DHO
13197	<ruby>ROM<rt>롬</rt></ruby> 클라우디아
13213	<ruby>F.A.<rt>포뮬러 애슬리트</rt></ruby> 소닉마이스터
13214	<ruby>F.A.<rt>포뮬러 애슬리트</rt></ruby> 행온마하
13215	<ruby>F.A.<rt>포뮬러 애슬리트</rt></ruby> 서킷 <ruby>GP<rt>그랑프리</rt></ruby>
13216	<ruby>F.A.<rt>포뮬러 애슬리트</rt></ruby> 다운포스
13302	<ruby>V－LAN<rt>브이랜</rt></ruby> 히드라
13304	<ruby>DDD<rt>디디디</rt></ruby> 초시왕 제로 맥스웰
13366	<ruby>F.A.<rt>포뮬러 애슬리트</rt></ruby> 윕크로서
13367	<ruby>F.A.<rt>포뮬러 애슬리트</rt></ruby> 터보차저
13368	<ruby>F.A.<rt>포뮬러 애슬리트</rt></ruby> 오프로드 <ruby>GP<rt>그랑프리</rt></ruby>
13369	<ruby>F.A.<rt>포뮬러 애슬리트</rt></ruby> 피트스톱
13371	<ruby>SPYRAL<rt>스파이랄</rt></ruby>－더 더블헬릭스
13407	접촉의 G
13448	<ruby>GUY<rt>가이</rt></ruby> 댄스
13472	BM－4 폭탄 스파이더
13530	<ruby>LAN<rt>랜</rt></ruby> 포링쿠스
13532	스모 스피릿 <ruby>YOKO－ZUNA<rt>요코즈나</rt></ruby>
13533	가라데 스피릿 <ruby>KURO－OBI<rt>쿠로오비</rt></ruby>
13538	<ruby>F.A.<rt>포뮬러 애슬리트</rt></ruby> 카네비게이터
13539	<ruby>F.A.<rt>포뮬러 애슬리트</rt></ruby> 홈트랜스포터
13540	<ruby>F.A.<rt>포뮬러 애슬리트</rt></ruby> 시티 <ruby>GP<rt>그랑프리</rt></ruby>
13541	<ruby>F.A.<rt>포뮬러 애슬리트</rt></ruby> 셰이크다운
13546	No.5 망롱룡 데스 키메라 드래곤
13700	<ruby>EM<rt>엔터메이트</rt></ruby> 클레이브레이커
13702	켄도 스피릿 <ruby>KAI－DEN<rt>카이덴</rt></ruby>
13709	<ruby>F.A.<rt>포뮬러 애슬리트</rt></ruby> 다크니스마스터
13710	<ruby>F.A.<rt>포뮬러 애슬리트</rt></ruby> 라이트닝마스터
13711	<ruby>F.A.<rt>포뮬러 애슬리트</rt></ruby> 위너즈
13712	<ruby>F.A.<rt>포뮬러 애슬리트</rt></ruby> 데드 히트
13713	<ruby>F.A.<rt>포뮬러 애슬리트</rt></ruby> 오버 히트
13717	<ruby>SIMM<rt>심</rt></ruby> 태블러스
13823	No.27 노급전함－드레드노이드
13824	No.67 파라다이스매셔
13825	No.75 혹란의 가십 섀도우
13826	No.90 갤럭시아이즈 포톤 로드
13844	빙고머신 <ruby>GO<rt>고</rt></ruby>! <ruby>GO<rt>고</rt></ruby>!
13852	<ruby>BF<rt>블랙 페더</rt></ruby>－풀아머드 윙
13853	<ruby>BF<rt>블랙 페더</rt></ruby>－독풍의 시문
13854	<ruby>BF<rt>블랙 페더</rt></ruby>－남풍의 아우스테르
13892	샐러맨그레이트 <ruby>J<rt>잭</rt></ruby>재규어
13928	다이너레슬러 킹 <ruby>T<rt>티</rt></ruby>렛슬
13949	<ruby>G<rt>자이언트</rt></ruby> 볼파크
13988	초장갑병기 로보 블랙아이언G
13989	G전대 샤인블랙
14002	첩자 마스터 SAIZO
14051	<ruby>F.A.<rt>포뮬러 애슬리트</rt></ruby> 샤이닝스타 <ruby>GT<rt>지티</rt></ruby>
14072	제2차미계역탐험대
14078	캬시 이브 <ruby>L<rt>엘</rt></ruby>2
14086	<ruby>TG<rt>테크지너스</rt></ruby> 스크류 서펜트
14087	<ruby>TG<rt>테크지너스</rt></ruby> 부스터 랩토르
14088	<ruby>TG<rt>테크지너스</rt></ruby> 탱크 러바
14114	바렐로드 새비지 드래곤
14116	<ruby>TG<rt>테크지너스</rt></ruby> 스타 가디언
14127	<ruby>TG<rt>테크지너스</rt></ruby> 트라이든트 런처
14148	<ruby>NEXT<rt>네오스페이스익스텐션</ruby>
14197	에일리언 솔저 <ruby>M<rt>마이티</rt></ruby> / 프레임
14204	<ruby>DDD<rt>디디디</rt></ruby> 심연왕 빌가메스
14205	<ruby>RR<rt>레이드 랩터즈</rt></ruby>－와이즈 스트릭스
14206	<ruby>HSR<rt>하이스피드로이드</rt></ruby>－<ruby>GOM<rt>지오엠</rt></ruby>건
14207	<ruby>PSY<rt>싸이</rt></ruby>프레임로드 <ruby>Λ<rt>람다</rt></ruby>
14220	No.39 유토피아 더블
14224	<ruby>EM<rt>엔터메이트</rt></ruby> 스마일 매지션
14243	샐러맨그레이트 <ruby>B<rt>비트</rt></ruby>바이슨
14262	<ruby>TG<rt>테크지너스</rt></ruby> 할 버드 캐논 / 버스터
14280	다이너레슬러 키메라 <ruby>T<rt>티</rt></ruby>렛슬
14286	파이어월 <ruby>X<rt>엑시드</rt></ruby> 드래곤
14290	사이버스 리마인더
14319	D－택틱스
14337	초중무사 카카－<ruby>C<rt>씨</rt></ruby>
14339	<ruby>SR<rt>스피드로이드</rt></ruby> 비다머신
14340	<ruby>SR<rt>스피드로이드</rt></ruby> 헥사소서
14341	<ruby>EM<rt>엔터메이트</rt></ruby> 크리보더
14346	No.<ruby>XX<rt>더블 엑스</rt></ruby> 인피니티 다크호프
14366	매지션 오브 블랙 카오스 <ruby>MAX<rt>맥스</rt></ruby>
14371	<ruby>Sin<rt>신</rt></ruby> 크로스
14372	<ruby>Sin<rt>신</rt></ruby> 셀렉터
14373	<ruby>Sin<rt>신</rt></ruby> 튠
14379	<ruby>Sin<rt>신</rt></ruby> 패러독스 기어
14380	<ruby>Sin<rt>신</rt></ruby> 테리토리
14430	<ruby>HSR<rt>하이스피드로이드</rt></ruby> 카이드레이크
14447	<ruby>EM<rt>엔터메이트</rt></ruby> 턴트루퍼
14448	<ruby>DD<rt>디디</rt></ruby> 아크
14453	<ruby>DMZ<rt>디엠제트</rt></ruby> 드래곤
14472	빅 바이퍼 T301
14484	쌍성신 a－vida
14487	바렐로드 <ruby>X<rt>엑스차지</rt></ruby> 드래곤
14559	<ruby>TG<rt>테크지너스</rt></ruby> 기어 좀비
14560	<ruby>TG<rt>테크지너스</rt></ruby> 드릴 피시
14561	<ruby>TG<rt>테크지너스</rt></ruby> 메탈 스켈리턴
14563	No.26 차원공로 옥토바이패스
14564	No.60 타임리스의 듀가레스
14565	No.76 해조광사 그라디엘
14566	No.97 룡영신 드래글라비온
14567	<ruby>B·F<rt>비 포스</rt></ruby>－필중의 핀
14568	<ruby>B·F<rt>비 포스</rt></ruby>－추격의 다트
14569	<ruby>B·F<rt>비 포스</rt></ruby>－독침의 니들
14570	<ruby>B·F<rt>비 포스</rt></ruby>－연격의 트윈보우
14571	<ruby>B·F<rt>비 포스</rt></ruby>－속사의 알바레스트
14572	<ruby>B·F<rt>비 포스</rt></ruby>－영궁의 아즈사
14573	<ruby>B·F<rt>비 포스</rt></ruby>－돌격의 보우제
14574	<ruby>B·F<rt>비 포스</rt></ruby>－항마궁의 하마
14575	<ruby>B·F<rt>비 포스</rt></ruby>－결전의 빅 발리스타
14590	이블 마인드
14625	바렐로드 <ruby>F<rt>퓨리어스</rt></ruby> 드래곤
14693	올드 마인드
14708	<ruby>GO<rt>고</rt></ruby>－<ruby>DDD<rt>디디디</rt></ruby> 신령왕 제로갓 레이지
14737	<ruby>EM<rt>엔터메이트</rt></ruby> 미스 디렉터
14739	<ruby>DD<rt>디디</rt></ruby> 이블
14810	피카리<ruby>＠<rt>앳</rt></ruby>이그니스터
14811	부르르<ruby>＠<rt>앳</rt></ruby>이그니스터
14812	드용<ruby>＠<rt>앳</rt></ruby>이그니스터
14813	아치치<ruby>＠<rt>앳</rt></ruby>이그니스터
14814	히야리<ruby>＠<rt>앳</rt></ruby>이그니스터
14815	드싱<ruby>＠<rt>앳</rt></ruby>이그니스터
14816	덩요리보<ruby>＠<rt>앳</rt></ruby>이그니스터
14823	자동기계법사 9763 "구칠육삼"
14824	자동기계두꺼비 4624 "사육이사"
14843	워터 리바이어던<ruby>＠<rt>앳</rt></ruby>이그니스터
14850	어스 골렘<ruby>＠<rt>앳</rt></ruby>이그니스터
14851	윈드페가수스<ruby>＠<rt>앳</rt></ruby>이그니스터
14853	라이트드래곤<ruby>＠<rt>앳</rt></ruby>이그니스터
14854	다크나이트<ruby>＠<rt>앳</rt></ruby>이그니스터
14855	파이어피닉스<ruby>＠<rt>앳</rt></ruby>이그니스터
14859	이그니스터 <ruby>Ai<rt>아이</rt></ruby>랜드
14860	<ruby>Ai<rt>아이</rt></ruby>우치
14861	<ruby>Ai<rt>아이</rt></ruby>들링 본
14862	<ruby>Ai<rt>아이</rt></ruby>러브 융합
14863	<ruby>Ai<rt>아이</rt></ruby>의 의식
14878	<ruby>Ai<rt>아이</rt></ruby>섀도우
14921	주바바 반초－<ruby>GC<rt>가가가 코트</rt></ruby>
14922	도도도 드워프－GG
14925	<ruby>EM<rt>엔터메이트</rt></ruby> 천공의 마술사
14927	<ruby>EM<rt>엔터메이트</rt></ruby> 팝업
14930	L·G·D
14956	슈팅 스타 드래곤 <ruby>TG<rt>테크지너스</rt></ruby>－<ruby>EX<rt>익스팬션</rt></ruby>
14958	<ruby>FNo.<rt>퓨처 넘버즈</rt></ruby>0 미래용황 호프
14961	<ruby>DDD<rt>디디디</rt></ruby> 사구왕 바이스 레퀴엠
14989	샐러맨그레이트 제브로이드<ruby>X<rt>엑스</rt></ruby>
15033	프록시 F 매지션
15036	디 어라이벌 사이버스<ruby>＠<rt>앳</rt></ruby>이그니스터
15042	<ruby>Ai<rt>아이</rt></ruby>－콘택트
15059	<ruby>Ai<rt>아이</rt></ruby>－<ruby>Q<rt>큐</rt></ruby>
15134	굿사리<ruby>＠<rt>앳</rt></ruby>이그니스터
15135	갓치리<ruby>＠<rt>앳</rt></ruby>이그니스터
15179	<ruby>SR<rt>스피드로이드</rt></ruby> 블록큰롤
15180	<ruby>SR<rt>스피드로이드</rt></ruby> 카르터보
15181	<ruby>DD<rt>디디</rt></ruby> 도그
15377	<ruby>Sin<rt>신</rt></ruby> 패러다임 드래곤
15379	<ruby>CNo.<rt>카오스 넘버즈</rt></ruby>1 게이트 오브 카오스 누메론－시뉴니아
15380	No.1 게이트 오브 누메론－에캄
15381	No.2 게이트 오브 누메론－드베
15382	No.3 게이트 오브 누메론－트리니
15383	No.4 게이트 오브 누메론－차투바리
15386	No.3 지옥선왕 로커스트 킹
15463	해피 레이디·SC
15483	<ruby>RR<rt>레이드 랩터즈</rt></ruby>－힐 이글
15484	<ruby>RR<rt>레이드 랩터즈</rt></ruby>－스트랭글 레이니어스
15497	<ruby>U.A.<rt>울트라 애슬리트</rt></ruby> 리베로 스파이커
15498	<ruby>U.A.<rt>울트라 애슬리트</rt></ruby> 플레잉 매니저
15530	<ruby>RUM<rt>랭크 업 매직</rt></ruby>－팬텀 포스
15540	<ruby>U.A.<rt>울트라 애슬리트</rt></ruby> 하이퍼 스타디움
15541	<ruby>U.A.<rt>울트라 애슬리트</rt></ruby> 락커 룸
15547	레이더즈 엄브레이커블 마인드
15548	<ruby>RR<rt>레이드 랩터즈</rt></ruby>－팬텀 클로
15555	<ruby>U.A.<rt>울트라 애슬리트</rt></ruby> 맨 오브 더 매치
15568	피험체 뮤트리아 M－05
15569	피험체 뮤트리아 ST－46
15624	<ruby>Live☆Twin<rt>라이브트윈</rt></ruby> 키스킬
15625	<ruby>Live☆Twin<rt>라이브트윈</rt></ruby> 리일라
15626	<ruby>Evil★Twin<rt>이빌트윈</rt></ruby> 키스킬
15627	<ruby>Evil★Twin<rt>이빌트윈</rt></ruby> 리일라
15628	<ruby>Evil★Twins<rt>이빌트윈스</rt></ruby> 키스킬 리일라
15629	<ruby>Live☆Twin<rt>라이브트윈</rt></ruby> 엔트런스
15630	<ruby>Live☆Twin<rt>라이브트윈</rt></ruby> 채널
15632	<ruby>Evil★Twin<rt>이빌트윈</rt></ruby> 챌린지
15633	<ruby>Evil★Twin<rt>이빌트윈</rt></ruby> 이지게임
15634	<ruby>Evil★Twin<rt>이빌트윈</rt></ruby> 프레젠트
15640	드라이트론－메테오니스＝DRA
15641	드라이트론－메테오니스＝QUA
15692	암드 드래곤 썬더 LV10
15693	암드 드래곤 썬더 LV7
15694	암드 드래곤 썬더 LV5
15695	암드 드래곤 썬더 LV3
15696	암드 드래곤 LV10－화이트
15702	<ruby>S－Force<rt>시큐리티 포스</rt></ruby> 난파소야환
15703	<ruby>S－Force<rt>시큐리티 포스</rt></ruby> 프로페서 <ruby>Ϝ<rt>디감마</rt></ruby>
15704	<ruby>S－Force<rt>시큐리티 포스</rt></ruby> 오리피스
15705	<ruby>S－Force<rt>시큐리티 포스</rt></ruby> 그라비티노
15706	<ruby>S－Force<rt>시큐리티 포스</rt></ruby> 플라＝티나
15707	<ruby>WW<rt>윈드 위치</rt></ruby>－블리자드 벨
15708	<ruby>WW<rt>윈드 위치</rt></ruby>－프리즈 벨
15719	<ruby>Live☆Twin<rt>라이브트윈</rt></ruby> 리일라 트리트
15734	<ruby>WW<rt>윈드 위치</rt></ruby>－다이아몬드 벨
15739	<ruby>S－Force<rt>시큐리티 포스</rt></ruby> 저스티파이
15748	<ruby>S－Force<rt>시큐리티 포스</rt></ruby> 브릿지헤드
15749	<ruby>S－Force<rt>시큐리티 포스</rt></ruby> 쇼다운
15750	<ruby>WW<rt>윈드 위치</rt></ruby>의 방울 소리
15762	<ruby>S－Force<rt>시큐리티 포스</rt></ruby> 스페시멘
15769	<ruby>E.M.R.<rt>엘렉트로 마그네틱 레일건</rt></ruby>
15773	피험체 뮤트리아 GB－88
15962	<ruby>ZW<rt>제알 웨폰</rt></ruby>－페가수스 트윈 세이버
15963	<ruby>ZS<rt>제알 서버스</rt></ruby>－암즈 세이지
15964	<ruby>ZS<rt>제알 서버스</rt></ruby>－어센드 세이지
15967	어메이즈먼트 어드미니스트레이터 ＜<ruby>∀rlechino<rt>아를레키노</rt></ruby>＞
15968	어메이즈먼트 앰배서더 ＜<ruby>Bufo<rt>부포</rt></ruby>＞
15969	어메이즈먼트 어텐던트＜<ruby>Comica<rt>코미카</rt></ruby>＞
15972	단마리<ruby>＠<rt>앳</rt></ruby>이그니스터
15975	<ruby>S－Force<rt>시큐리티 포스</rt></ruby> 도그 태그
15976	<ruby>S－Force<rt>시큐리티 포스</rt></ruby> 에지 레이저
15978	<ruby>Live☆Twin<rt>라이브트윈</rt></ruby> 키스킬 프로스트
15999	스타 마인
16001	<ruby>ZW<rt>제알 웨폰</rt></ruby>－드래고닉 할 버드
16006	다크인펀트<ruby>＠<rt>앳</rt></ruby>이그니스터
16011	<ruby>RUM<rt>랭크 업 매직</rt></ruby>－제알 포스
16021	메구리－<ruby>Ai<rt>아이</rt></ruby>－
16022	유우－<ruby>Ai<rt>아이</rt></ruby>－
16032	<ruby>A・∀・CC<rt>어메이즈 어트랙션 싸이크론코스터</rt></ruby>
16033	<ruby>A・∀・WW<rt>어메이즈 어트랙션 원더휠</rt></ruby>
16034	<ruby>A・∀・MM<rt>어메이즈 어트랙션 마제스틱마네주</rt></ruby>
16035	<ruby>A・∀・RR<rt>어메이즈 어트랙션 라피도레이싱</rt></ruby>
16036	<ruby>A・∀・HH<rt>어메이즈 어트랙션 호러하우스</rt></ruby>
16037	하타시－<ruby>Ai<rt>아이</rt></ruby>－
16038	<ruby>S－Force<rt>시큐리티 포스</rt></ruby> 체이스
16209	어메이즈먼트 어시스턴트 ＜<ruby>Delia<rt>딜라이아</rt></ruby>＞
16213	인공지능 <ruby>ME<rt>메</rt></ruby>－<ruby>PSY<rt>싸이</rt></ruby>－<ruby>YA<rt>야</rt></ruby>
16251	<ruby>Live☆Twin<rt>라이브트윈</rt></ruby> 트러블상
16265	<ruby>A・∀・VV<rt>어메이즈 어트랙션 뱅키시바이킹</rt></ruby>
16274	맞찌르<ruby>GUY<rt>가이</rt></ruby>
16376	<ruby>SR<rt>스피드로이드</rt></ruby> 취지 동자
16377	<ruby>SR<rt>스피드로이드</rt></ruby> 매직하운드
16378	<ruby>HSR<rt>하이스피드로이드</rt></ruby> 코르크－<ruby>10<rt>열</rt></ruby>
16380	<ruby>HSR<rt>하이스피드로이드</rt></ruby> / <ruby>CW<rt>클리어윙</rt></ruby> 라이더
16381	<ruby>SR<rt>스피드로이드</rt></ruby> 룰렛
16382	<ruby>SR<rt>스피드로이드</rt></ruby> 듀플리게이트
16390	<ruby>LL<rt>리리컬 루스키니아</rt></ruby>－베릴 카나리
16391	<ruby>LL<rt>리리컬 루스키니아</rt></ruby>－셀레스트 와그테일
16392	<ruby>LL<rt>리리컬 루스키니아</rt></ruby>－앙상블루 로빈
16393	<ruby>LL<rt>리리컬 루스키니아</rt></ruby>－프롬 슬래시
16394	<ruby>LL<rt>리리컬 루스키니아</rt></ruby>－버드 콜
16395	<ruby>LL<rt>리리컬 루스키니아</rt></ruby>－버드 성역
16396	<ruby>LL<rt>리리컬 루스키니아</rt></ruby>－비익의 려조
16405	D－포스
16406	닥터－D
16419	<ruby>ZW<rt>제알 웨폰</rt></ruby>－실피드 윙
16420	<ruby>ZS<rt>제알 서버스</rt></ruby>－우로보로스 세이지
16424	No.4 맹독자포 스텔스 크라겐
16429	<ruby>SR<rt>스피드로이드</rt></ruby> 스크래치
16430	<ruby>LL<rt>리리컬 루스키니아</rt></ruby>－버드 스트라이크
16435	키－<ruby>Ai<rt>아이</rt></ruby>－
16436	<ruby>Ai<rt>아이</rt></ruby>－쇼
16471	No.99 유토피아 드래그너
16472	<ruby>ZS<rt>제알 서버스</rt></ruby>－호프 세이지
16473	<ruby>HRUM<rt>하이퍼 랭크 업 매직</rt></ruby>－토피아 포스
16486	X・Y・Z 하이퍼캐논
16522	바렐로드 <ruby>R<rt>라이엇</rt></ruby> 드래곤
16537	<ruby>Evil★Twin's<rt>이빌트윈스</rt></ruby> 트러블 써니
16724	<ruby>Uk<rt>우키요에</rt></ruby>－<ruby>P.U.N.K.<rt>펑크</rt></ruby> 샤라쿠사이
16725	<ruby>Ga<rt>가가쿠</rt></ruby>－<ruby>P.U.N.K.<rt>펑크</rt></ruby> 와곤
16726	<ruby>Jo<rt>조루리</rt></ruby>－<ruby>P.U.N.K.<rt>펑크</rt></ruby><ruby>Mme.<rt>마담</rt></ruby> 스파이더
16727	<ruby>No<rt>노</rt></ruby>－<ruby>P.U.N.K.<rt>펑크</rt></ruby> 세아민
16728	<ruby>No<rt>노</rt></ruby>－<ruby>P.U.N.K.<rt>펑크</rt></ruby> 폭시 튠
16729	<ruby>No<rt>노</rt></ruby>－<ruby>P.U.N.K.<rt>펑크</rt></ruby> 오우거 넘버
16730	<ruby>Uk<rt>우키요에</rt></ruby>－<ruby>P.U.N.K.<rt>펑크</rt></ruby> 카프 라이징
16731	<ruby>Uk<rt>우키요에</rt></ruby>－<ruby>P.U.N.K.<rt>펑크</rt></ruby> 어메이징 드래곤
16732	<ruby>Ga<rt>가가쿠</rt></ruby>－<ruby>P.U.N.K.<rt>펑크</rt></ruby> 와일드 피킹
16733	<ruby>Ga<rt>가가쿠</rt></ruby>－<ruby>P.U.N.K.<rt>펑크</rt></ruby> 크러시 비트
16734	<ruby>Jo<rt>조루리</rt></ruby>－<ruby>P.U.N.K.<rt>펑크</rt></ruby> 데인저러스 가부
16735	<ruby>Jo<rt>조루리</rt></ruby>－<ruby>P.U.N.K.<rt>펑크</rt></ruby> 나시와리 서프라이즈
16818	<ruby>DD<rt>디디</rt></ruby> 그리폰
16821	<ruby>S－Force<rt>시큐리티 포스</rt></ruby> 라프스웰
16822	<ruby>S－Force<rt>시큐리티 포스</rt></ruby> 레트로액티브
16849	<ruby>DDD<rt>디디디</rt></ruby> 사치왕 데스 마키나
16866	X・Y・Z 컴바인
16880	<ruby>DDD<rt>디디디</rt></ruby> 헤드헌트
17033	섬술병기－<ruby>H.A.M.P.<rt>햄프</rt></ruby>
17042	<ruby>CX<rt>카오스 엑시즈</rt></ruby>－네필 어사일럼 카오스 나이트
17109	<ruby>EM<rt>엔터메이트</rt></ruby> 오드아이즈 버틀러
17110	<ruby>EM<rt>엔터메이트</rt></ruby> 오드아이즈 불릿
17111	<ruby>EM<rt>엔터메이트</rt></ruby> 바록크리보
17112	<ruby>EM<rt>엔터메이트</rt></ruby> 클래식크리보
17113	<ruby>EM<rt>엔터메이트</rt></ruby> 젠틀루드
17114	<ruby>EM<rt>엔터메이트</rt></ruby> 레이디앙쥬
17127	<ruby>H·C<rt>히로익 챌린저</rt></ruby> 너클 나이프
17128	<ruby>H·C<rt>히로익 챌린저</rt></ruby> 모닝 스타
17134	<ruby>No<rt>노</rt></ruby>－<ruby>P.U.N.K.<rt>펑크</rt></ruby> 디어 노트
17137	바바리안 0호
17140	수륙양용 버그로스 MK－11
17155	<ruby>H－C<rt>히로익 챔피언</rt></ruby> 크레이브솔리시
17156	<ruby>H－C<rt>히로익 챔피언</rt></ruby> 야릉그레이프
17163	<ruby>EXP<rt>엑스트라 펜듈럼</rt></ruby>
17190	<ruby>XX<rt>크로스 엑스</rt></ruby> 클루전
17191	<ruby>Vivid Tail<rt>비비드 테일</ruby>
17245	소울에너지 MAX!!
17247	<ruby>Wake Up Your<rt>웨이크 업 유어</rt></ruby> 엘리멘틀 히어로
17255	No.39 유토피아 라이징
17258	<ruby>EM<rt>엔터메이트</rt></ruby> 희대의 듀얼리스트
17260	<ruby>Battle Royal Mode<rt>배틀 로얄 모드</rt></ruby>－<ruby>Joining<rt>조이닝</rt></ruby>
17351	밸리언츠<ruby>B<rt>버스터</rt></ruby>－바론
17352	밸리언츠<ruby>V<rt>볼티지</rt></ruby>－바이칸트
17353	밸리언츠<ruby>M<rt>매드</rt></ruby>－마키스
17354	밸리언츠<ruby>D<rt>도미네이터</rt></ruby>－듀크
17356	밸리언츠<ruby>G<rt>제네시스</rt></ruby>－그랑듀크
17357	<ruby>VV<rt>밸리언츠＝워</rt></ruby>~시작의 땅~
17358	<ruby>VV<rt>밸리언츠＝월드</rt></ruby>－진라만상
17359	<ruby>VV<rt>밸리언츠＝월드</rt></ruby>－쾨니히 비센
17448	<ruby>P.U.N.K.<rt>펑크</rt></ruby><ruby>JAM<rt>잼</rt></ruby> 드래곤 드라이브
17453	<ruby>EN<rt>이엔느</rt></ruby>－인게이지 네오스페이스
17456	<ruby>EN<rt>이엔느</rt></ruby> 웨이브
17467	<ruby>P.U.N.K.<rt>펑크</rt></ruby><ruby>JAM<rt>잼</rt></ruby> 익스트림 세션
17479	<ruby>A・∀・TT<rt>어메이즈 어트랙션 스릴트레인</rt></ruby>
17596	<ruby>D<rt>디포머</rt></ruby>·텔레폰
17598	<ruby>D<rt>디포머</rt></ruby>·스캐넌
17599	<ruby>D<rt>디포머</rt></ruby>·이어폰
17601	<ruby>D<rt>디포머</rt></ruby>·컨버트유니트

